Region,Country,Subnational Region,Name of the initiative,1990,1991,1992,1993,1994,1995,1996,1997,1998,1999,2000,2001,2002,2003,2004,2005,2006,2007,2008,2009,2010,2011,2012,2013,2014,2015,2016,2017,2018,2019,2020,2021,2022,2023,2024
Europe & Central Asia,Finland,National,Finland carbon tax,0.001157294,0.001161958,0.001110869,0.001127697,0.001212717,0.001129256,0.001173583,0.001144825,0.001089906,0.001094813,0.001047852,0.001119929,0.001123876,0.001187678,0.001124671,0.000929934,0.001051365,0.000953715,0.000859182,0.000833638,0.000890317,0.000786854,0.000739156,0.000728033,0.000679007,0.000638243,0.000634405,0.000588151,0.000584065,0.000547528,0.000516743,0.000486798,0.000458526,0.000458526,0.000458526
Europe & Central Asia,Poland,National,Poland carbon tax,0.003712478,0.003622309,0.003528134,0.003487688,0.0034027,0.003323692,0.003353959,0.00325184,0.002973989,0.002865546,0.00268091,0.002624741,0.00254474,0.002506404,0.002409318,0.002336737,0.002349661,0.002269357,0.002209445,0.002132838,0.002135374,0.002056705,0.002004898,0.001942871,0.001855618,0.00186694,0.001907111,0.001939875,0.001883041,0.001791723,0.001774368,0.001840767,0.001788526,0.001788526,0.001788526
Europe & Central Asia,Norway,National,Norway carbon tax,0.003712478,0.001172997,0.00118929,0.001247455,0.001302541,0.001277445,0.001293746,0.001333648,0.001347438,0.001370384,0.001271842,0.001274715,0.00124984,0.001267018,0.001229968,0.001144439,0.001117541,0.001094666,0.001094281,0.001064277,0.001053524,0.000991074,0.000958939,0.000945796,0.000938436,0.000963253,0.000947411,0.000937791,0.000901866,0.000870615,0.000899699,0.000878146,0.000845527,0.000845527,0.000845527
Europe & Central Asia,Sweden,National,Sweden carbon tax,0.003712478,0.000949708,0.000985579,0.000987497,0.001008337,0.00097574,0.001019392,0.000953854,0.000953089,0.000933813,0.00087368,0.000863699,0.000872172,0.000846222,0.000801242,0.000769783,0.000773506,0.000726406,0.000693197,0.000648561,0.000668873,0.00060846,0.000573298,0.000545866,0.000528687,0.000531934,0.000527449,0.000516565,0.000483647,0.000477071,0.00049593,0.000462993,0.000450948,0.000450948,0.000450948
Europe & Central Asia,Denmark,National,Denmark carbon tax,0.003712478,0.000949708,0.001070983,0.001106159,0.001149358,0.0010788,0.001243987,0.001096377,0.001039165,0.000992535,0.000915722,0.000929115,0.000906782,0.000938435,0.00083042,0.000762868,0.00082113,0.000747669,0.000703724,0.000684396,0.000655236,0.000583372,0.000527991,0.00054044,0.0004967,0.000479215,0.000495818,0.00046728,0.00045783,0.000425767,0.000417637,0.000426014,0.000408688,0.000408688,0.000408688
Europe & Central Asia,Slovenia,National,Slovenia Carbon tax,0.003712478,0.000949708,0.001070983,0.001106159,0.001149358,0.0010788,0.001243987,0.000314402,0.000311339,0.000299497,0.000287782,0.000310439,0.000316886,0.000302148,0.000297406,0.000290431,0.000283909,0.000274377,0.000279652,0.000256124,0.000245169,0.000226542,0.000217084,0.000212104,0.000193823,0.000196862,0.000203522,0.000203795,0.000197642,0.000192492,0.000185826,0.000182806,0.000176452,0.000155283,0.000155283
Europe & Central Asia,Estonia,National,Estonia carbon tax,0.003712478,0.000949708,0.001070983,0.001106159,0.001149358,0.0010788,0.001243987,0.000314402,0.000311339,0.000299497,5.60E-05,5.64E-05,5.33E-05,5.67E-05,5.55E-05,5.37E-05,4.98E-05,5.70E-05,5.25E-05,4.53E-05,5.39E-05,5.27E-05,4.99E-05,5.37E-05,5.18E-05,4.80E-05,4.75E-05,4.95E-05,5.08E-05,3.59E-05,2.89E-05,2.78E-05,2.57E-05,2.57E-05,2.57E-05
Europe & Central Asia,Latvia,National,Latvia carbon tax,0.003712478,0.000949708,0.001070983,0.001106159,0.001149358,0.0010788,0.001243987,0.000314402,0.000311339,0.000299497,5.60E-05,5.64E-05,5.33E-05,5.67E-05,5.59E-06,5.55E-06,5.71E-06,5.77E-06,5.44E-06,5.16E-06,5.37E-06,5.00E-06,4.92E-06,4.75E-06,4.65E-06,4.77E-06,4.75E-06,4.62E-06,4.72E-06,4.65E-06,4.60E-06,4.38E-06,4.13E-06,4.13E-06,4.13E-06
Europe & Central Asia,EU,National,EU ETS,0.003712478,0.000949708,0.001070983,0.001106159,0.001149358,0.0010788,0.001243987,0.000314402,0.000311339,0.000299497,5.60E-05,5.64E-05,5.33E-05,5.67E-05,5.59E-06,0.043686383,0.042455494,0.040878991,0.039667386,0.037418942,0.036613291,0.034655727,0.033689361,0.031213726,0.029851421,0.030329173,0.030227462,0.029920081,0.028634018,0.027388705,0.026282591,0.026456167,0.025877184,0.025877184,0.025877184
North America,Canada,Alberta,Alberta TIER,0.003712478,0.000949708,0.001070983,0.001106159,0.001149358,0.0010788,0.001243987,0.000314402,0.000311339,0.000299497,5.60E-05,5.64E-05,5.33E-05,5.67E-05,5.59E-06,0.043686383,0.042455494,0.003420735,0.003322459,0.003250725,0.003170048,0.003193852,0.003285176,0.003385036,0.003415498,0.00351216,0.00328824,0.003306155,0.0032421,0.003244076,0.003110267,0.002991522,0.002950952,0.002950952,0.002950952
Europe & Central Asia,Switzerland,National,Switzerland ETS,0.003712478,0.000949708,0.001070983,0.001106159,0.001149358,0.0010788,0.001243987,0.000314402,0.000311339,0.000299497,5.60E-05,5.64E-05,5.33E-05,5.67E-05,5.59E-06,0.043686383,0.042455494,0.003420735,0.000146374,0.000142771,0.000140505,0.00012655,0.000128156,0.000129057,0.000119539,0.000118254,0.000118982,0.000114906,0.000109306,0.000108579,0.000106692,0.000103578,0.000101245,0.000101245,0.000101245
North America,Canada,National,New Zealand ETS,0.003712478,0.000949708,0.001070983,0.001106159,0.001149358,0.0010788,0.001243987,0.000314402,0.000311339,0.000299497,5.60E-05,5.64E-05,5.33E-05,5.67E-05,5.59E-06,0.043686383,0.042455494,0.003420735,0.000925148,0.000909936,0.00087042,0.000840225,0.000854303,0.000829505,0.000838078,0.00082987,0.000825751,0.000824834,0.000803531,0.000811768,0.000807788,0.000770259,0.000738217,0.000738217,0.000738217
Europe & Central Asia,Switzerland,National,Switzerland carbon tax,0.003712478,0.000949708,0.001070983,0.001106159,0.001149358,0.0010788,0.001243987,0.000314402,0.000311339,0.000299497,5.60E-05,5.64E-05,5.33E-05,5.67E-05,5.59E-06,0.043686383,0.042455494,0.003420735,0.000426924,0.000416415,0.000409807,0.000369105,0.000373788,0.000376417,0.000348655,0.000344908,0.00034703,0.000335143,0.00031881,0.000316688,0.000311184,0.000302104,0.000295299,0.000295299,0.000295299
Europe & Central Asia,Liechtenstein,National,Liechtenstein carbon tax,0.003712478,0.000949708,0.001070983,0.001106159,0.001149358,0.0010788,0.001243987,0.000314402,0.000311339,0.000299497,5.60E-05,5.64E-05,5.33E-05,5.67E-05,5.59E-06,0.043686383,0.042455494,0.003420735,4.12E-06,3.92E-06,3.51E-06,3.21E-06,3.30E-06,3.34E-06,2.87E-06,2.85E-06,2.69E-06,2.73E-06,2.50E-06,2.58E-06,2.57E-06,2.50E-06,2.46E-06,2.46E-06,2.46E-06
Europe & Central Asia,Albania,National,Albania Carbon tax,0.003712478,0.000949708,0.001070983,0.001106159,0.001149358,0.0010788,0.001243987,0.000314402,0.000311339,0.000299497,5.60E-05,5.64E-05,5.33E-05,5.67E-05,5.59E-06,0.043686383,0.042455494,0.003420735,0.000126958,0.000127779,0.00012648,0.000128833,0.00012279,0.000124628,0.000130859,0.000128804,0.000122698,0.000132342,0.000128582,0.000121457,0.000113368,0.000108669,0.000108353,0.000108353,0.000108353
North America,Canada,BC,BC carbon tax,0.003712478,0.000949708,0.001070983,0.001106159,0.001149358,0.0010788,0.001243987,0.000314402,0.000311339,0.000299497,5.60E-05,5.64E-05,5.33E-05,5.67E-05,5.59E-06,0.043686383,0.042455494,0.003420735,0.000126958,0.001033412,0.000977418,0.000965866,0.00099452,0.000966259,0.000943734,0.000957427,0.000969349,0.000968837,0.000977134,0.000958953,0.000932211,0.000889616,0.000877551,0.000877551,0.000877551
North America,USA,National,RGGI,0.003712478,0.000949708,0.001070983,0.001106159,0.001149358,0.0010788,0.001243987,0.000314402,0.000311339,0.000299497,5.60E-05,5.64E-05,5.33E-05,5.67E-05,5.59E-06,0.043686383,0.042455494,0.003420735,0.000126958,0.002259058,0.002182083,0.00204748,0.001914979,0.001929122,0.001963246,0.00195948,0.001919255,0.001813561,0.001853081,0.001797139,0.001670688,0.001666988,0.001644381,0.001644381,0.001644381
Europe & Central Asia,Iceland,National,Iceland carbon tax,0.003712478,0.000949708,0.001070983,0.001106159,0.001149358,0.0010788,0.001243987,0.000314402,0.000311339,0.000299497,5.60E-05,5.64E-05,5.33E-05,5.67E-05,5.59E-06,0.043686383,0.042455494,0.003420735,0.000126958,0.002259058,3.72E-05,3.51E-05,3.46E-05,3.44E-05,3.29E-05,3.41E-05,3.10E-05,3.14E-05,3.03E-05,2.94E-05,2.95E-05,2.82E-05,3.10E-05,3.10E-05,3.10E-05
East Asia & Pacific,Japan,National,Tokyo CaT,0.003712478,0.000949708,0.001070983,0.001106159,0.001149358,0.0010788,0.001243987,0.000314402,0.000311339,0.000299497,5.60E-05,5.64E-05,5.33E-05,5.67E-05,5.59E-06,0.043686383,0.042455494,0.003420735,0.000126958,0.002259058,3.72E-05,0.000258794,0.000255314,0.000251185,0.000249348,0.00023804,0.000237054,0.000233107,0.000227756,0.00021234,0.000220413,0.00020627,0.000203473,0.000203473,0.000203473
Europe & Central Asia,Ireland,National,Ireland carbon tax,0.003712478,0.000949708,0.001070983,0.001106159,0.001149358,0.0010788,0.001243987,0.000314402,0.000311339,0.000299497,5.60E-05,5.64E-05,5.33E-05,5.67E-05,5.59E-06,0.043686383,0.042455494,0.003420735,0.000126958,0.002259058,3.72E-05,0.000382181,0.000383806,0.000372616,0.00037042,0.000383095,0.000402338,0.000390396,0.00036424,0.000352223,0.000352321,0.000345485,0.000348152,0.000348152,0.000348152
Europe & Central Asia,Ukraine,National,Ukraine carbon tax,0.003712478,0.000949708,0.001070983,0.001106159,0.001149358,0.0010788,0.001243987,0.000314402,0.000311339,0.000299497,5.60E-05,5.64E-05,5.33E-05,5.67E-05,5.59E-06,0.043686383,0.042455494,0.003420735,0.000126958,0.002259058,3.72E-05,0.002799952,0.002705845,0.002604512,0.002273761,0.001922024,0.001954149,0.001754706,0.001800092,0.001733576,0.001734613,0.001568617,0.001241107,0.001241107,0.001241107
East Asia & Pacific,Japan,Saitama,Saitama ETS,0.003712478,0.000949708,0.001070983,0.001106159,0.001149358,0.0010788,0.001243987,0.000314402,0.000311339,0.000299497,5.60E-05,5.64E-05,5.33E-05,5.67E-05,5.59E-06,0.043686383,0.042455494,0.003420735,0.000126958,0.002259058,3.72E-05,0.002799952,0.000161259,0.000158225,0.000150924,0.000146486,0.000145879,0.00014345,0.000140158,0.000135623,0.000138789,0.000132447,0.000130651,0.000130651,0.000130651
North America,USA,California,California CaT,0.003712478,0.000949708,0.001070983,0.001106159,0.001149358,0.0010788,0.001243987,0.000314402,0.000311339,0.000299497,5.60E-05,5.64E-05,5.33E-05,5.67E-05,5.59E-06,0.043686383,0.042455494,0.003420735,0.000126958,0.002259058,3.72E-05,0.002799952,0.002974853,0.002946255,0.002887892,0.006365054,0.006280656,0.00620833,0.006065581,0.006096518,0.005610324,0.00563453,0.005558116,0.005558116,0.005558116
East Asia & Pacific,Japan,National,Japan carbon tax,0.003712478,0.000949708,0.001070983,0.001106159,0.001149358,0.0010788,0.001243987,0.000314402,0.000311339,0.000299497,5.60E-05,5.64E-05,5.33E-05,5.67E-05,5.59E-06,0.043686383,0.042455494,0.003420735,0.000126958,0.002259058,3.72E-05,0.002799952,0.002974853,0.019720968,0.018864238,0.018328154,0.018066259,0.017563355,0.01662281,0.016060508,0.015786392,0.015242013,0.015129311,0.015129311,0.015129311
East Asia & Pacific,Australia,National,Australia CPM,0.003712478,0.000949708,0.001070983,0.001106159,0.001149358,0.0010788,0.001243987,0.000314402,0.000311339,0.000299497,5.60E-05,5.64E-05,5.33E-05,5.67E-05,5.59E-06,0.043686383,0.042455494,0.003420735,0.000126958,0.002259058,3.72E-05,0.002799952,0.002974853,0.007182744,0.006991327,0.018328154,0.018066259,0.017563355,0.01662281,0.016060508,0.015786392,0.015242013,0.015129311,0.015129311,0.015129311
North America,Canada,Quebec,Quebec CaT,0.003712478,0.000949708,0.001070983,0.001106159,0.001149358,0.0010788,0.001243987,0.000314402,0.000311339,0.000299497,5.60E-05,5.64E-05,5.33E-05,5.67E-05,5.59E-06,0.043686383,0.042455494,0.003420735,0.000126958,0.002259058,3.72E-05,0.002799952,0.002974853,0.000483175,0.000467737,0.001236975,0.001200662,0.001211339,0.001213497,0.001224758,0.001147291,0.001139255,0.001123805,0.001123805,0.001123805
Europe & Central Asia,Kazakhstan,National,Kazakhstan ETS,0.003712478,0.000949708,0.001070983,0.001106159,0.001149358,0.0010788,0.001243987,0.000314402,0.000311339,0.000299497,5.60E-05,5.64E-05,5.33E-05,5.67E-05,5.59E-06,0.043686383,0.042455494,0.003420735,0.000126958,0.002259058,3.72E-05,0.002799952,0.002974853,0.00336765,0.002901901,0.002587776,0.002704212,0.00283593,0.002815609,0.002685865,0.002863151,0.002826898,0.002897019,0.002897019,0.002897019
Europe & Central Asia,UK,National,UK Carbon Price Support,0.003712478,0.000949708,0.001070983,0.001106159,0.001149358,0.0010788,0.001243987,0.000314402,0.000311339,0.000299497,5.60E-05,5.64E-05,5.33E-05,5.67E-05,5.59E-06,0.043686383,0.042455494,0.003420735,0.000126958,0.002259058,3.72E-05,0.002799952,0.002974853,0.00336765,0.001345115,0.001309635,0.001251936,0.001195359,0.001151152,0.001105367,0.001047401,0.001043087,0.001030994,0.001030994,0.001030994
East Asia & Pacific,China,Shenzhen,Shenzhen pilot ETS,0.003712478,0.000949708,0.001070983,0.001106159,0.001149358,0.0010788,0.001243987,0.000314402,0.000311339,0.000299497,5.60E-05,5.64E-05,5.33E-05,5.67E-05,5.59E-06,0.043686383,0.042455494,0.003420735,0.000126958,0.002259058,3.72E-05,0.002799952,0.002974853,0.00336765,0.00091356,0.000915539,0.000911745,0.000896565,0.000875985,0.000473768,0.000269117,0.00025682,0.000253337,0.000253337,0.000253337
East Asia & Pacific,China,Shanghai,Shanghai pilot ETS,0.003712478,0.000949708,0.001070983,0.001106159,0.001149358,0.0010788,0.001243987,0.000314402,0.000311339,0.000299497,5.60E-05,5.64E-05,5.33E-05,5.67E-05,5.59E-06,0.043686383,0.042455494,0.003420735,0.000126958,0.002259058,3.72E-05,0.002799952,0.002974853,0.00336765,0.002133073,0.002137695,0.002128834,0.00209339,0.00204534,0.002041199,0.00173479,0.001655522,0.001633071,0.001633071,0.001633071
East Asia & Pacific,China,Beijing,Beijing pilot ETS,0.003712478,0.000949708,0.001070983,0.001106159,0.001149358,0.0010788,0.001243987,0.000314402,0.000311339,0.000299497,5.60E-05,5.64E-05,5.33E-05,5.67E-05,5.59E-06,0.043686383,0.042455494,0.003420735,0.000126958,0.002259058,3.72E-05,0.002799952,0.002974853,0.00336765,0.000898513,0.00090046,0.000896728,0.000881798,0.000608582,0.000671267,0.000626161,0.00059755,0.000589447,0.000589447,0.000589447
East Asia & Pacific,China,Guangdong,Guangdong pilot ETS,0.003712478,0.000949708,0.001070983,0.001106159,0.001149358,0.0010788,0.001243987,0.000314402,0.000311339,0.000299497,5.60E-05,5.64E-05,5.33E-05,5.67E-05,5.59E-06,0.043686383,0.042455494,0.003420735,0.000126958,0.002259058,3.72E-05,0.002799952,0.002974853,0.00336765,0.004860379,0.004870909,0.00485072,0.004769958,0.004947381,0.005281851,0.005478715,0.005228378,0.005157472,0.005157472,0.005157472
East Asia & Pacific,China,Tianjin,Tianjin pilot ETS,0.003712478,0.000949708,0.001070983,0.001106159,0.001149358,0.0010788,0.001243987,0.000314402,0.000311339,0.000299497,5.60E-05,5.64E-05,5.33E-05,5.67E-05,5.59E-06,0.043686383,0.042455494,0.003420735,0.000126958,0.002259058,3.72E-05,0.002799952,0.002974853,0.00336765,0.001497721,0.001500966,0.001494745,0.001469858,0.00143612,0.00143177,0.00126597,0.001208125,0.00119174,0.00119174,0.00119174
Europe & Central Asia,France,National,France carbon tax,0.003712478,0.000949708,0.001070983,0.001106159,0.001149358,0.0010788,0.001243987,0.000314402,0.000311339,0.000299497,5.60E-05,5.64E-05,5.33E-05,5.67E-05,5.59E-06,0.043686383,0.042455494,0.003420735,0.000126958,0.002259058,3.72E-05,0.002799952,0.002974853,0.00336765,0.003663815,0.003706239,0.003707463,0.003669171,0.003481747,0.003396206,0.003205189,0.003336715,0.003200558,0.003200558,0.003200558
Latin America & Caribbean,Mexico,National,Mexico carbon tax,0.003712478,0.000949708,0.001070983,0.001106159,0.001149358,0.0010788,0.001243987,0.000314402,0.000311339,0.000299497,5.60E-05,5.64E-05,5.33E-05,5.67E-05,5.59E-06,0.043686383,0.042455494,0.003420735,0.000126958,0.002259058,3.72E-05,0.002799952,0.002974853,0.00336765,0.004512542,0.004571818,0.004602893,0.004547185,0.004321468,0.004364548,0.004234485,0.004183904,0.004420536,0.004420536,0.004420536
Europe & Central Asia,Spain,National,Spain carbon tax,0.003712478,0.000949708,0.001070983,0.001106159,0.001149358,0.0010788,0.001243987,0.000314402,0.000311339,0.000299497,5.60E-05,5.64E-05,5.33E-05,5.67E-05,5.59E-06,0.043686383,0.042455494,0.003420735,0.000126958,0.002259058,3.72E-05,0.002799952,0.002974853,0.00336765,0.000128537,0.000133166,0.000129281,0.000132668,0.000126989,0.000119911,0.000109504,0.00010954,0.000116075,0.000116075,0.000116075
East Asia & Pacific,China,Hubei,Hubei pilot ETS,0.003712478,0.000949708,0.001070983,0.001106159,0.001149358,0.0010788,0.001243987,0.000314402,0.000311339,0.000299497,5.60E-05,5.64E-05,5.33E-05,5.67E-05,5.59E-06,0.043686383,0.042455494,0.003420735,0.000126958,0.002259058,3.72E-05,0.002799952,0.002974853,0.00336765,0.000128537,0.002494037,0.0024837,0.002442347,0.002386287,0.002378545,0.001869063,0.001783661,0.001759471,0.001759471,0.001759471
East Asia & Pacific,China,Chongqing,Chongqing pilot ETS,0.003712478,0.000949708,0.001070983,0.001106159,0.001149358,0.0010788,0.001243987,0.000314402,0.000311339,0.000299497,5.60E-05,5.64E-05,5.33E-05,5.67E-05,5.59E-06,0.043686383,0.042455494,0.003420735,0.000126958,0.002259058,3.72E-05,0.002799952,0.002974853,0.00336765,0.000128537,0.002472973,0.002462724,0.002421721,0.001281339,0.001387627,0.00189466,0.001808088,0.001783567,0.001783567,0.001783567
East Asia & Pacific,Korea,National,Korea ETS,0.003712478,0.000949708,0.001070983,0.001106159,0.001149358,0.0010788,0.001243987,0.000314402,0.000311339,0.000299497,5.60E-05,5.64E-05,5.33E-05,5.67E-05,5.59E-06,0.043686383,0.042455494,0.003420735,0.000126958,0.002259058,3.72E-05,0.002799952,0.002974853,0.00336765,0.000128537,0.012770673,0.013002413,0.012960868,0.012743416,0.012384335,0.01229829,0.012259578,0.012008913,0.012008913,0.012008913
Europe & Central Asia,Portugal,National,Portugal carbon tax,0.003712478,0.000949708,0.001070983,0.001106159,0.001149358,0.0010788,0.001243987,0.000314402,0.000311339,0.000299497,5.60E-05,5.64E-05,5.33E-05,5.67E-05,5.59E-06,0.043686383,0.042455494,0.003420735,0.000126958,0.002259058,3.72E-05,0.002799952,0.002974853,0.00336765,0.000128537,0.000540782,0.000531493,0.000564026,0.000521358,0.000486455,0.000461607,0.000434093,0.000444075,0.000444075,0.000444075
North America,Canada,BC,BC OBPS,0.003712478,0.000949708,0.001070983,0.001106159,0.001149358,0.0010788,0.001243987,0.000314402,0.000311339,0.000299497,5.60E-05,5.64E-05,5.33E-05,5.67E-05,5.59E-06,0.043686383,0.042455494,0.003420735,0.000126958,0.002259058,3.72E-05,0.002799952,0.002974853,0.00336765,0.000128537,0.000540782,0,0,0,0,0,0,0,0,0
East Asia & Pacific,China,Fujian,Fujian pilot ETS,0.003712478,0.000949708,0.001070983,0.001106159,0.001149358,0.0010788,0.001243987,0.000314402,0.000311339,0.000299497,5.60E-05,5.64E-05,5.33E-05,5.67E-05,5.59E-06,0.043686383,0.042455494,0.003420735,0.000126958,0.002259058,3.72E-05,0.002799952,0.002974853,0.00336765,0.000128537,0.000540782,0,0.003320606,0.002388037,0.002377404,0.002467792,0.002881886,0.002842803,0.002842803,0.002842803
North America,Canada,Ontario,Ontario CaT,0.003712478,0.000949708,0.001070983,0.001106159,0.001149358,0.0010788,0.001243987,0.000314402,0.000311339,0.000299497,5.60E-05,5.64E-05,5.33E-05,5.67E-05,5.59E-06,0.043686383,0.042455494,0.003420735,0.000126958,0.002259058,3.72E-05,0.002799952,0.002974853,0.00336765,0.000128537,0.000540782,0,0.002498661,0.002388037,0.002377404,0.002467792,0.002881886,0.002842803,0.002842803,0.002842803
North America,Canada,Alberta,Alberta carbon tax,0.003712478,0.000949708,0.001070983,0.001106159,0.001149358,0.0010788,0.001243987,0.000314402,0.000311339,0.000299497,5.60E-05,5.64E-05,5.33E-05,5.67E-05,5.59E-06,0.043686383,0.042455494,0.003420735,0.000126958,0.002259058,3.72E-05,0.002799952,0.002974853,0.00336765,0.000128537,0.000540782,0,0.002239654,0.002196261,0.0021976,0.002467792,0.002881886,0.002842803,0.002842803,0.002842803
Latin America & Caribbean,Chile,National,Chile carbon tax,0.003712478,0.000949708,0.001070983,0.001106159,0.001149358,0.0010788,0.001243987,0.000314402,0.000311339,0.000299497,5.60E-05,5.64E-05,5.33E-05,5.67E-05,5.59E-06,0.043686383,0.042455494,0.003420735,0.000126958,0.002259058,3.72E-05,0.002799952,0.002974853,0.00336765,0.000128537,0.000540782,0,0.001379928,0.001369418,0.001428767,0.001400898,0.00145808,0.001401036,0.001401036,0.001401036
North America,Mexico,Zacatecas,Zacatecas carbon tax,0.003712478,0.000949708,0.001070983,0.001106159,0.001149358,0.0010788,0.001243987,0.000314402,0.000311339,0.000299497,5.60E-05,5.64E-05,5.33E-05,5.67E-05,5.59E-06,0.043686383,0.042455494,0.003420735,0.000126958,0.002259058,3.72E-05,0.002799952,0.002974853,0.00336765,0.000128537,0.000540782,0,8.32E-06,8.13E-06,8.11E-06,8.41E-06,5.88E-06,9.76E-05,9.76E-05,9.76E-05
Latin America & Caribbean,Colombia,National,Colombia carbon tax,0.003712478,0.000949708,0.001070983,0.001106159,0.001149358,0.0010788,0.001243987,0.000314402,0.000311339,0.000299497,5.60E-05,5.64E-05,5.33E-05,5.67E-05,5.59E-06,0.043686383,0.042455494,0.003420735,0.000126958,0.002259058,3.72E-05,0.002799952,0.002974853,0.00336765,0.000128537,0.000540782,0,8.32E-06,0.000770471,0.000783261,0.000814049,0.000791054,0.000801462,0.000801462,0.000801462
North America,USA,Massachusetts,Massachusetts ETS,0.003712478,0.000949708,0.001070983,0.001106159,0.001149358,0.0010788,0.001243987,0.000314402,0.000311339,0.000299497,5.60E-05,5.64E-05,5.33E-05,5.67E-05,5.59E-06,0.043686383,0.042455494,0.003420735,0.000126958,0.002259058,3.72E-05,0.002799952,0.002974853,0.00336765,0.000128537,0.000540782,0,8.32E-06,0,0,0,0,0,0,0
Latin America & Caribbean,Argentina,National,Argentina carbon tax,0.003712478,0.000949708,0.001070983,0.001106159,0.001149358,0.0010788,0.001243987,0.000314402,0.000311339,0.000299497,5.60E-05,5.64E-05,5.33E-05,5.67E-05,5.59E-06,0.043686383,0.042455494,0.003420735,0.000126958,0.002259058,3.72E-05,0.002799952,0.002974853,0.00336765,0.000128537,0.000540782,0,8.32E-06,0.002743434,0.002702267,0.00269452,0.002710308,0.002705854,0.002705854,0.002705854
North America,Canada,National,Canada federal OBPS,0.003712478,0.000949708,0.001070983,0.001106159,0.001149358,0.0010788,0.001243987,0.000314402,0.000311339,0.000299497,5.60E-05,5.64E-05,5.33E-05,5.67E-05,5.59E-06,0.043686383,0.042455494,0.003420735,0.000126958,0.002259058,3.72E-05,0.002799952,0.002974853,0.00336765,0.000128537,0.000540782,0,8.32E-06,0.002743434,0.00014753,0.000140517,0.00013817,0.000140708,0.000140708,0.000140708
East Asia & Pacific,Singapore,National,Singapore carbon tax,0.003712478,0.000949708,0.001070983,0.001106159,0.001149358,0.0010788,0.001243987,0.000314402,0.000311339,0.000299497,5.60E-05,5.64E-05,5.33E-05,5.67E-05,5.59E-06,0.043686383,0.042455494,0.003420735,0.000126958,0.002259058,3.72E-05,0.002799952,0.002974853,0.00336765,0.000128537,0.000540782,0,8.32E-06,0.002743434,0.001067579,0.001082944,0.00106223,0.001035044,0.001035044,0.001035044
North America,Canada,Nova Scotia,Nova Scotia OBPS,0.003712478,0.000949708,0.001070983,0.001106159,0.001149358,0.0010788,0.001243987,0.000314402,0.000311339,0.000299497,5.60E-05,5.64E-05,5.33E-05,5.67E-05,5.59E-06,0.043686383,0.042455494,0.003420735,0.000126958,0.002259058,3.72E-05,0.002799952,0.002974853,0.00336765,0.000128537,0.000540782,0,8.32E-06,0.002743434,0.000264854,0.000257741,0.000245964,0.000242628,0.000242628,0.000242628
North America,Canada,Saskatchewan,Saskatchewan OBPS,0.003712478,0.000949708,0.001070983,0.001106159,0.001149358,0.0010788,0.001243987,0.000314402,0.000311339,0.000299497,5.60E-05,5.64E-05,5.33E-05,5.67E-05,5.59E-06,0.043686383,0.042455494,0.003420735,0.000126958,0.002259058,3.72E-05,0.002799952,0.002974853,0.00336765,0.000128537,0.000540782,0,8.32E-06,0.002743434,0.000613616,0.000552019,0.000543005,0.000535641,0.000535641,0.000535641
North America,Canada,Newfoundland,Newfoundland and Labrador carbon tax,0.003712478,0.000949708,0.001070983,0.001106159,0.001149358,0.0010788,0.001243987,0.000314402,0.000311339,0.000299497,5.60E-05,5.64E-05,5.33E-05,5.67E-05,5.59E-06,0.043686383,0.042455494,0.003420735,0.000126958,0.002259058,3.72E-05,0.002799952,0.002974853,0.00336765,0.000128537,0.000540782,0,8.32E-06,0.002743434,9.84E-05,8.17E-05,7.35E-05,7.25E-05,7.25E-05,7.25E-05
North America,Canada,Newfoundland,Newfoundland and Labrador PSS,0.003712478,0.000949708,0.001070983,0.001106159,0.001149358,0.0010788,0.001243987,0.000314402,0.000311339,0.000299497,5.60E-05,5.64E-05,5.33E-05,5.67E-05,5.59E-06,0.043686383,0.042455494,0.003420735,0.000126958,0.002259058,3.72E-05,0.002799952,0.002974853,0.00336765,0.000128537,0.000540782,0,8.32E-06,0.002743434,7.95E-05,6.60E-05,5.94E-05,5.86E-05,5.86E-05,5.86E-05
North America,Canada,National,Canada federal fuel charge,0.003712478,0.000949708,0.001070983,0.001106159,0.001149358,0.0010788,0.001243987,0.000314402,0.000311339,0.000299497,5.60E-05,5.64E-05,5.33E-05,5.67E-05,5.59E-06,0.043686383,0.042455494,0.003420735,0.000126958,0.002259058,3.72E-05,0.002799952,0.002974853,0.00336765,0.000128537,0.000540782,0,8.32E-06,0.002743434,7.95E-05,0.004356019,0.004283262,0.004361934,0.004361934,0.004361934
North America,Canada,Prince,Prince Edward Island Carbon tax,0.003712478,0.000949708,0.001070983,0.001106159,0.001149358,0.0010788,0.001243987,0.000314402,0.000311339,0.000299497,5.60E-05,5.64E-05,5.33E-05,5.67E-05,5.59E-06,0.043686383,0.042455494,0.003420735,0.000126958,0.002259058,3.72E-05,0.002799952,0.002974853,0.00336765,0.000128537,0.000540782,0,8.32E-06,0.002743434,7.95E-05,1.55E-05,1.48E-05,1.46E-05,1.46E-05,1.46E-05
Sub-Saharan Africa,South Africa,National,South Africa carbon tax,0.003712478,0.000949708,0.001070983,0.001106159,0.001149358,0.0010788,0.001243987,0.000314402,0.000311339,0.000299497,5.60E-05,5.64E-05,5.33E-05,5.67E-05,5.59E-06,0.043686383,0.042455494,0.003420735,0.000126958,0.002259058,3.72E-05,0.002799952,0.002974853,0.00336765,0.000128537,0.000540782,0,8.32E-06,0.002743434,7.95E-05,0.008931071,0.0084768,0.008149251,0.008149251,0.008149251
North America,Canada,Northwest,Northwest Territories carbon tax,0.003712478,0.000949708,0.001070983,0.001106159,0.001149358,0.0010788,0.001243987,0.000314402,0.000311339,0.000299497,5.60E-05,5.64E-05,5.33E-05,5.67E-05,5.59E-06,0.043686383,0.042455494,0.003420735,0.000126958,0.002259058,3.72E-05,0.002799952,0.002974853,0.00336765,0.000128537,0.000540782,0,8.32E-06,0.002743434,7.95E-05,1.80E-05,1.86E-05,1.84E-05,1.84E-05,1.84E-05
Latin America & Caribbean,Mexico,National,Mexico pilot ETS,0.003712478,0.000949708,0.001070983,0.001106159,0.001149358,0.0010788,0.001243987,0.000314402,0.000311339,0.000299497,5.60E-05,5.64E-05,5.33E-05,5.67E-05,5.59E-06,0.043686383,0.042455494,0.003420735,0.000126958,0.002259058,3.72E-05,0.002799952,0.002974853,0.00336765,0.000128537,0.000540782,0,8.32E-06,0.002743434,7.95E-05,0.002803521,0.002770033,0.0029267,0.0029267,0.0029267
North America,Canada,New,New Brunswick carbon tax,0.003712478,0.000949708,0.001070983,0.001106159,0.001149358,0.0010788,0.001243987,0.000314402,0.000311339,0.000299497,5.60E-05,5.64E-05,5.33E-05,5.67E-05,5.59E-06,0.043686383,0.042455494,0.003420735,0.000126958,0.002259058,3.72E-05,0.002799952,0.002974853,0.00336765,0.000128537,0.000540782,0,8.32E-06,0.002743434,7.95E-05,0.002803521,0.000180939,0.000178485,0.000178485,0.000178485
North America,USA,California,Baja California carbon tax,0.003712478,0.000949708,0.001070983,0.001106159,0.001149358,0.0010788,0.001243987,0.000314402,0.000311339,0.000299497,5.60E-05,5.64E-05,5.33E-05,5.67E-05,5.59E-06,0.043686383,0.042455494,0.003420735,0.000126958,0.002259058,3.72E-05,0.002799952,0.002974853,0.00336765,0.000128537,0.000540782,0,8.32E-06,0.002743434,7.95E-05,0.002803521,0.000180939,0.000178485,0.000178485,0.000178485
North America,USA,Oregon,Oregon ETS,0.003712478,0.000949708,0.001070983,0.001106159,0.001149358,0.0010788,0.001243987,0.000314402,0.000311339,0.000299497,5.60E-05,5.64E-05,5.33E-05,5.67E-05,5.59E-06,0.043686383,0.042455494,0.003420735,0.000126958,0.002259058,3.72E-05,0.002799952,0.002974853,0.00336765,0.000128537,0.000540782,0,8.32E-06,0.002743434,7.95E-05,0.002803521,0.000180939,0.000178485,0.000178485,0.000178485
Europe & Central Asia,Netherlands,National,Netherlands carbon tax,0.003712478,0.000949708,0.001070983,0.001106159,0.001149358,0.0010788,0.001243987,0.000314402,0.000311339,0.000299497,5.60E-05,5.64E-05,5.33E-05,5.67E-05,5.59E-06,0.043686383,0.042455494,0.003420735,0.000126958,0.002259058,3.72E-05,0.002799952,0.002974853,0.00336765,0.000128537,0.000540782,0,8.32E-06,0.002743434,7.95E-05,0.002803521,3.37E-05,3.12E-05,3.12E-05,3.12E-05
North America,Canada,New Brunswick,New Brunswick OBPS,0.003712478,0.000949708,0.001070983,0.001106159,0.001149358,0.0010788,0.001243987,0.000314402,0.000311339,0.000299497,5.60E-05,5.64E-05,5.33E-05,5.67E-05,5.59E-06,0.043686383,0.042455494,0.003420735,0.000126958,0.002259058,3.72E-05,0.002799952,0.002974853,0.00336765,0.000128537,0.000540782,0,8.32E-06,0.002743434,7.95E-05,0.002803521,0.00011761,0.000116015,0.000116015,0.000116015
Europe & Central Asia,Germany,National,Germany ETS,0.003712478,0.000949708,0.001070983,0.001106159,0.001149358,0.0010788,0.001243987,0.000314402,0.000311339,0.000299497,5.60E-05,5.64E-05,5.33E-05,5.67E-05,5.59E-06,0.043686383,0.042455494,0.003420735,0.000126958,0.002259058,3.72E-05,0.002799952,0.002974853,0.00336765,0.000128537,0.000540782,0,8.32E-06,0.002743434,7.95E-05,0.002803521,0.005825039,0.00568478,0.00568478,0.00568478
Europe & Central Asia,Luxembourg,National,Luxembourg carbon tax,0.003712478,0.000949708,0.001070983,0.001106159,0.001149358,0.0010788,0.001243987,0.000314402,0.000311339,0.000299497,5.60E-05,5.64E-05,5.33E-05,5.67E-05,5.59E-06,0.043686383,0.042455494,0.003420735,0.000126958,0.002259058,3.72E-05,0.002799952,0.002974853,0.00336765,0.000128537,0.000540782,0,8.32E-06,0.002743434,7.95E-05,0.002803521,0.000129322,0.000113458,0.000113458,0.000113458
East Asia & Pacific,China,National,China national ETS,0.003712478,0.000949708,0.001070983,0.001106159,0.001149358,0.0010788,0.001243987,0.000314402,0.000311339,0.000299497,5.60E-05,5.64E-05,5.33E-05,5.67E-05,5.59E-06,0.043686383,0.042455494,0.003420735,0.000126958,0.002259058,3.72E-05,0.002799952,0.002974853,0.00336765,0.000128537,0.000540782,0,8.32E-06,0.002743434,7.95E-05,0.002803521,0.093928143,0.092960926,0.092960926,0.092960926
Europe & Central Asia,UK,National,UK ETS,0.003712478,0.000949708,0.001070983,0.001106159,0.001149358,0.0010788,0.001243987,0.000314402,0.000311339,0.000299497,5.60E-05,5.64E-05,5.33E-05,5.67E-05,5.59E-06,0.043686383,0.042455494,0.003420735,0.000126958,0.002259058,3.72E-05,0.002799952,0.002974853,0.00336765,0.000128537,0.000540782,0,8.32E-06,0.002743434,7.95E-05,0.002803521,0.00032095,0.000317229,0.000317229,0.000317229
Europe & Central Asia,Montenegro,National,Montenegro ETS,0.003712478,0.000949708,0.001070983,0.001106159,0.001149358,0.0010788,0.001243987,0.000314402,0.000311339,0.000299497,5.60E-05,5.64E-05,5.33E-05,5.67E-05,5.59E-06,0.043686383,0.042455494,0.003420735,0.000126958,0.002259058,3.72E-05,0.002799952,0.002974853,0.00336765,0.000128537,0.000540782,0,8.32E-06,0.002743434,7.95E-05,0.002803521,0.00032095,2.89E-05,2.89E-05,2.89E-05
North America,Canada,Ontario,Ontario EPS,0.003712478,0.000949708,0.001070983,0.001106159,0.001149358,0.0010788,0.001243987,0.000314402,0.000311339,0.000299497,5.60E-05,5.64E-05,5.33E-05,5.67E-05,5.59E-06,0.043686383,0.042455494,0.003420735,0.000126958,0.002259058,3.72E-05,0.002799952,0.002974853,0.00336765,0.000128537,0.000540782,0,8.32E-06,0.002743434,7.95E-05,0.002803521,0.00032095,0.000729929,0.000729929,0.000729929
North America,Mexico,Tamaulipas,Tamaulipas carbon tax,0.003712478,0.000949708,0.001070983,0.001106159,0.001149358,0.0010788,0.001243987,0.000314402,0.000311339,0.000299497,5.60E-05,5.64E-05,5.33E-05,5.67E-05,5.59E-06,0.043686383,0.042455494,0.003420735,0.000126958,0.002259058,3.72E-05,0.002799952,0.002974853,0.00336765,0.000128537,0.000540782,0,8.32E-06,0.002743434,7.95E-05,0.002803521,0.00032095,0.000211891,0.000211891,0.000211891
Latin America & Caribbean,Uruguay,National,Uruguay CO2 tax,0.003712478,0.000949708,0.001070983,0.001106159,0.001149358,0.0010788,0.001243987,0.000314402,0.000311339,0.000299497,5.60E-05,5.64E-05,5.33E-05,5.67E-05,5.59E-06,0.043686383,0.042455494,0.003420735,0.000126958,0.002259058,3.72E-05,0.002799952,0.002974853,0.00336765,0.000128537,0.000540782,0,8.32E-06,0.002743434,7.95E-05,0.002803521,0.00032095,3.51E-05,3.51E-05,3.51E-05
North America,Mexico,Queretaro,Queretaro carbon tax,0.003712478,0.000949708,0.001070983,0.001106159,0.001149358,0.0010788,0.001243987,0.000314402,0.000311339,0.000299497,5.60E-05,5.64E-05,5.33E-05,5.67E-05,5.59E-06,0.043686383,0.042455494,0.003420735,0.000126958,0.002259058,3.72E-05,0.002799952,0.002974853,0.00336765,0.000128537,0.000540782,0,8.32E-06,0.002743434,7.95E-05,0.002803521,0.00032095,5.28E-05,5.28E-05,5.28E-05
North America,Mexico,Yucatan,Yucatan carbon tax,0.003712478,0.000949708,0.001070983,0.001106159,0.001149358,0.0010788,0.001243987,0.000314402,0.000311339,0.000299497,5.60E-05,5.64E-05,5.33E-05,5.67E-05,5.59E-06,0.043686383,0.042455494,0.003420735,0.000126958,0.002259058,3.72E-05,0.002799952,0.002974853,0.00336765,0.000128537,0.000540782,0,8.32E-06,0.002743434,7.95E-05,0.002803521,0.00032095,9.13E-05,9.13E-05,9.13E-05
North America,Mexico,National,State of Mexico carbon tax,0.003712478,0.000949708,0.001070983,0.001106159,0.001149358,0.0010788,0.001243987,0.000314402,0.000311339,0.000299497,5.60E-05,5.64E-05,5.33E-05,5.67E-05,5.59E-06,0.043686383,0.042455494,0.003420735,0.000126958,0.002259058,3.72E-05,0.002799952,0.002974853,0.00336765,0.000128537,0.000540782,0,8.32E-06,0.002743434,7.95E-05,0.002803521,0.00032095,9.13E-05,0.000965724,0.000965724
Europe & Central Asia,Austria,National,Austria ETS,0.003712478,0.000949708,0.001070983,0.001106159,0.001149358,0.0010788,0.001243987,0.000314402,0.000311339,0.000299497,5.60E-05,5.64E-05,5.33E-05,5.67E-05,5.59E-06,0.043686383,0.042455494,0.003420735,0.000126958,0.002259058,3.72E-05,0.002799952,0.002974853,0.00336765,0.000128537,0.000540782,0,8.32E-06,0.002743434,7.95E-05,0.002803521,0.00032095,9.13E-05,0.000575011,0.000575011
North America,USA,Washington,Washington CCA,0.003712478,0.000949708,0.001070983,0.001106159,0.001149358,0.0010788,0.001243987,0.000314402,0.000311339,0.000299497,5.60E-05,5.64E-05,5.33E-05,5.67E-05,5.59E-06,0.043686383,0.042455494,0.003420735,0.000126958,0.002259058,3.72E-05,0.002799952,0.002974853,0.00336765,0.000128537,0.000540782,0,8.32E-06,0.002743434,7.95E-05,0.002803521,0.00032095,9.13E-05,0.001120993,0.001120993
East Asia & Pacific,Indonesia,National,Indonesia ETS,0.003712478,0.000949708,0.001070983,0.001106159,0.001149358,0.0010788,0.001243987,0.000314402,0.000311339,0.000299497,5.60E-05,5.64E-05,5.33E-05,5.67E-05,5.59E-06,0.043686383,0.042455494,0.003420735,0.000126958,0.002259058,3.72E-05,0.002799952,0.002974853,0.00336765,0.000128537,0.000540782,0,8.32E-06,0.002743434,7.95E-05,0.002803521,0.00032095,9.13E-05,0.005998145,0.005998145
North America,Mexico,Guanajuato,Guanajuato carbon tax,0.003712478,0.000949708,0.001070983,0.001106159,0.001149358,0.0010788,0.001243987,0.000314402,0.000311339,0.000299497,5.60E-05,5.64E-05,5.33E-05,5.67E-05,5.59E-06,0.043686383,0.042455494,0.003420735,0.000126958,0.002259058,3.72E-05,0.002799952,0.002974853,0.00336765,0.000128537,0.000540782,0,8.32E-06,0.002743434,7.95E-05,0.002803521,0.00032095,9.13E-05,0.005998145,0.000318633
East Asia & Pacific,Australia,National,Australia Safeguard Mechanism,0.003712478,0.000949708,0.001070983,0.001106159,0.001149358,0.0010788,0.001243987,0.000314402,0.000311339,0.000299497,5.60E-05,5.64E-05,5.33E-05,5.67E-05,5.59E-06,0.043686383,0.042455494,0.003420735,0.000126958,0.002259058,3.72E-05,0.002799952,0.002974853,0.00336765,0.000128537,0.000540782,0,8.32E-06,0.002743434,7.95E-05,0.002803521,0.00032095,9.13E-05,0.005998145,0.002762043
Europe & Central Asia,Hungary,National,Hungary Carbon tax,0.003712478,0.000949708,0.001070983,0.001106159,0.001149358,0.0010788,0.001243987,0.000314402,0.000311339,0.000299497,5.60E-05,5.64E-05,5.33E-05,5.67E-05,5.59E-06,0.043686383,0.042455494,0.003420735,0.000126958,0.002259058,3.72E-05,0.002799952,0.002974853,0.00336765,0.000128537,0.000540782,0,8.32E-06,0.002743434,7.95E-05,0.002803521,0.00032095,9.13E-05,0.005998145,0.000397595
East Asia & Pacific,Taiwan,National,Taiwan carbon fee,0.003712478,0.000949708,0.001070983,0.001106159,0.001149358,0.0010788,0.001243987,0.000314402,0.000311339,0.000299497,5.60E-05,5.64E-05,5.33E-05,5.67E-05,5.59E-06,0.043686383,0.042455494,0.003420735,0.000126958,0.002259058,3.72E-05,0.002799952,0.002974853,0.00336765,0.000128537,0.000540782,0,8.32E-06,0.002743434,7.95E-05,0.002803521,0.00032095,9.13E-05,0.005998145,0.00457639
North America,USA,Durango,Durango carbon tax,0.003712478,0.000949708,0.001070983,0.001106159,0.001149358,0.0010788,0.001243987,0.000314402,0.000311339,0.000299497,5.60E-05,5.64E-05,5.33E-05,5.67E-05,5.59E-06,0.043686383,0.042455494,0.003420735,0.000126958,0.002259058,3.72E-05,0.002799952,0.002974853,0.00336765,0.000128537,0.000540782,0,8.32E-06,0.002743434,7.95E-05,0.002803521,0.00032095,9.13E-05,0.005998145,0.00457639
,,,Total,0.004869772,0.006906972,0.007884855,0.007956497,0.008075653,0.007784932,0.008084666,0.008094946,0.007714927,0.007556588,0.007133792,0.00717903,0.007067574,0.007104612,0.006754074,0.049979845,0.048908165,0.050428689,0.050516787,0.051233249,0.050238507,0.051117573,0.052958256,0.08105239,0.097506337,0.11247875,0.112066343,0.119990196,0.11531564,0.114918276,0.125729526,0.224698615,0.222962741,0.231601446,0.239656106
